price_volatile,price_stable,price_spiky
0.46751833448370633,19.245062956162197,5.8330605763265515
2.962995598444844,12.229769313943741,5.733502906116186
0.3081692134590611,10.054632603843796,8.637781509980858
0.504880767803815,16.750344586831943,7.896223570873636
1.316380390576514,44.16630683326442,6.536463878729368
1.1215317806577014,28.432032152431645,4.37437295929756
3.5371676236408613,27.268485321247002,7.855041890179599
0.31719964639547354,44.020409653760325,7.2702192120451725
0.20042364355044565,14.529501302610667,7.93604224241573
0.6170740222036319,13.05818941367189,8.437384787924934
0.6830669557105707,11.844777306789242,6.48145388690543
0.4131148736751274,12.607337688403653,7.797672568219782
0.39988515401652575,11.36029937493932,8.018719279989877
12.241122638941821,15.990880155618143,4.058323278281239
1.7841783122906973,29.504840425779634,8.03390403642788
2.915972992556049,19.890379088754287,6.285454173397776
2.389141742076921,22.802665719375895,7.4770796383336595
0.349783878896997,10.393391443080013,9.7220212658382
1.0237020321274208,16.5693323226962,6.771167028350017
0.8901722717399732,62.324959292025014,5.310951495859268
0.42076345680502886,7.656460052705611,6.754737532884444
0.06805937147109568,26.841537924449042,10.775132128949226
1.1957535894600564,7.8004717267187305,8.463935232243676
0.3996295114397773,26.736108743484966,8.852735836272135
1.7232699383985473,42.48946342733503,7.308044069438732
0.6098045818286895,40.488164252749165,11.116316786549168
3.0546845473146544,21.64729669459777,8.76641036822427
4.084330246367187,31.22133443882195,5.678838858729399
0.90700518256354,8.38277792951713,6.299773205078897
0.18604676278915994,50.41112481241404,5.619225837232798
3.337205858657811,33.51752793905216,6.446756931328079
1.0491268805071874,26.972281935030924,7.7046088465472105
1.050438826410724,31.57747363226615,9.382433157170938
1.0379570824020872,15.992087043023469,6.643637536004707
0.4937113494928936,23.619369153674015,8.335361341727033
0.5642974336604841,16.87297214697228,9.271100194509582
0.5259182810383028,58.882141926608746,6.130952347373573
0.23686140818929127,18.60955921227727,9.996376603794834
0.4263529526470708,15.689856805877058,10.197314864755151
0.8284650245662153,23.89860279721667,9.583369128683918
1.1190980729867228,9.019410609621247,6.521581548889082
0.4709335585122024,12.857096730372637,7.163121350854167
0.21555656301496134,16.075140808737,8.1477337219243
0.14963935916731186,23.39340728882721,8.113966542662768
0.4783358308442742,15.017491958717937,7.606203075961559
1.6925937674215783,20.846432760542946,7.890513003657918
2.8535450886117033,9.872854066231774,7.650951624499245
0.4829796748160503,42.02437163373032,7.179323454459294
0.8396522849741039,11.038333019889501,8.637578396006631
0.7004123266943862,30.969077626722946,6.863908396802486
1.1558765446438308,10.729022319643352,6.516575457128073
0.2004014915112317,20.05667401900606,7.055320572152418
13.998463759574056,9.243558851999305,7.038610014446337
0.41636977491268584,11.985528487590422,8.334066884084791
0.8224014845107935,12.559701201546257,7.880177178478512
1.640795013426054,17.830488662654897,9.565907878517669
1.530380656600027,58.23932317423314,6.3432922744222004
20.32436673235016,36.45441858987918,7.9148169106166995
8.69191148777575,16.883369925473353,8.034478634951185
5.568931838640419,22.982059518802515,6.575610559135451
0.8379907874536141,31.858529486325477,6.346043775595082
1.464100721790591,34.518290777823886,9.790613138972478
1.9605306534946847,15.086048027092247,6.454541747504465
0.4839401890323386,29.425194092869305,6.313871260969072
0.6007663966970741,36.81526181011456,6.504615561843481
0.2173963840458088,13.688659813484298,8.95961822850091
2.6987220161180856,14.839479480312495,6.009781162289786
0.556812465333777,12.473751737257839,6.878307572274121
0.9074839357017788,18.910618883705762,8.286917173495073
1.216483776827613,16.930481049801138,8.716776211652457
2.0103155200169076,22.065688051132074,6.418545803400573
0.3537284924746146,23.904188845266695,7.339512961824983
0.3369366095921988,29.499179973773245,10.870813290354823
1.2527763455956733,16.267385975494186,8.645622218941138
0.5442051559286861,8.878708023039787,6.998817490295341
1.4436583876365081,26.316611133253982,6.077602540847475
0.8691454097070708,36.99083549962044,7.53529504032889
2.7540997617476135,18.623929056905034,6.181231129303735
0.1654169741284332,26.84454238319403,8.037543017376764
0.2546407277540199,27.25491370536902,6.970823476179913
3.574612101155864,51.766338439620306,10.006977857852059
0.2958670268900753,38.92921884539717,8.751622216736394
1.5150570503983476,34.1495012152172,7.969860533689034
0.21147276911905455,26.56627445194666,4.975588389141936
3.0088771713945213,18.979700891077457,5.776743075720602
1.345489505895745,12.36577188184067,8.881489243875945
5.964757591439775,20.93648789602553,9.010832366485483
0.3692884911131443,25.949368228058667,7.785978988967364
1.0694334856979775,15.87679201022689,5.344595967238866
2.791787399452036,16.888468971267056,8.793603962580598
1.3221956739638514,7.600419739675843,6.853805066149935
0.8920418436803103,10.17056237207574,4.120877660107769
1.337909897430574,13.312868743767003,8.485680910316646
0.304455337637196,34.56545606429614,8.105773619071856
0.46259605562167083,25.303258830818,8.0479582455768
3.269516436446881,17.077016238956993,5.584075974473121
0.6507300455203848,51.180989033256004,6.7551676823903986
0.36444837199501384,35.94158153459402,4.9625805955739715
0.13112963138369035,13.011566657926645,8.16802864743283
1.7457844949127577,27.076057052373645,12.41583515344189
0.27996979957819146,12.27258741843332,7.421884596629422
1.1191490282536234,16.345610558093046,7.9839740400759895
13.018220214868942,7.8086602205015385,7.277021501087894
2.669094223647498,13.397365696691931,10.172374129119929
8.345451038571808,36.64715539948128,7.8071832686930565
3.939820848203396,7.484314662612545,7.2371786157742575
1.8544301437900736,24.641929153004906,9.4921780043442
1.0095710246222334,24.35659052374453,9.990824492621721
0.9290584711938527,12.485945247322535,8.19712222215065
1.07411296236747,17.6284995399532,7.306952389290072
0.40120506603384687,19.03950988280395,6.8097761801789005
1.0425883039783659,44.145410239452836,7.687818412155035
0.5854361599394657,11.199396217260942,7.771809153198966
0.544888295082787,17.171879652012084,7.642365619051678
1.997083773254388,15.367512578533084,5.819553680380184
1.3794321501063829,13.157081080837315,7.4271313477375935
1.7881862251932776,34.57188907818942,9.662724083050007
0.24030999386442914,35.47050774690372,6.419464448864751
6.014765380210284,21.38126608058248,11.586363060131543
1.3994798328088371,13.557565432936743,9.223685923406723
0.2634545176240589,25.220665665562514,8.036581078732977
7.76572755392568,9.733415683454998,10.440576597711766
3.8404945572199556,18.49707992945276,5.04163295788492
1.793535649305448,24.35106514472769,7.048680099706963
2.2875190244513264,14.446963886166953,6.547401984194326
1.4837125778929499,12.14896617351348,8.907302309704445
0.23653125814366807,17.07671811907645,8.733390659821316
0.9113632151552682,15.06842248387192,8.097201459309497
0.29400261093295116,22.39868406191527,6.843003475965484
0.5245089352711886,15.303137480290205,8.214568995612861
0.9911244209168233,43.78372063194214,6.9701059552982025
0.28256603094405425,21.056352319207832,4.769388282700208
2.0537555113546513,19.87791370158953,8.10478037415198
7.975607651799819,15.310745892726603,5.921284684797134
0.493257886723348,21.609620354430724,7.722263984042568
2.7842432310733787,15.194326530647146,7.050412031222477
1.9790594624651923,13.90074615089961,7.185310917918606
4.0645409828046635,25.134273706552566,5.755175199843466
0.9341464526820011,37.95495032310526,7.080889917593225
1.5245455511247785,10.572260208710833,6.26501523269588
0.8213397188106062,42.809013724350294,6.045550590900491
1.2682061554758144,35.20702108359555,9.822422245254293
0.5693018805819656,20.280881110738576,5.392171241672309
0.8054775975084993,23.662476411019643,9.68609643198838
0.596957235675071,30.70258313590015,6.419561332712238
1.0773478963548164,30.619801212976874,6.840541062174349
0.7391682634603759,17.703465916814075,8.03212931808599
0.882325273623206,16.322252441058993,7.214853363643163
0.5518197773199061,10.690979745566766,6.8309662481652
0.7074168752346013,22.9611623888955,7.524369166820209
0.09131107298784392,29.595465824657442,10.14992073429305
0.5901574302283199,19.41987842656522,8.573255306890655
1.9367949559565956,14.95493872779186,8.811019802556968
1.525785722347333,19.787111209475743,5.322884575420061
2.1831730080689074,40.38153725865913,5.536702411338477
0.7502335380503362,10.317526003595306,5.795912914612491
1.1811769526293234,31.40418871058905,5.645593253937516
1.1099215330145005,26.53566589947787,5.743596702953629
1.558061548250839,44.13435953395058,8.566088773109454
4.0451832551010325,27.3516513451313,8.867615670565543
0.12750325298296206,37.02982724966489,6.42770297026719
1.8091460580141543,20.33879498181501,5.478659051160964
0.7073668778956835,14.567811034325926,7.311145999263654
10.684071119302207,21.346745800582045,6.649233120498809
1.1911209398461582,11.970668395694966,6.875204859207255
0.454337984993091,18.471461041246577,8.203086653295205
2.2639727999507273,18.027096673411577,7.173863911533848
1.309887318836321,14.672307350405339,10.796734014269601
0.5666208527934822,13.873302584568895,7.787721751591737
0.6152157716182596,8.349620825644237,6.563796251200462
1.2209685298573105,9.556324697722708,7.35539807836203
1.2248388781990598,16.10372132733634,6.973254548389068
0.05761486251653977,31.316109908872587,7.684673611457073
0.6248767087382884,7.528311257733504,7.15585578238808
4.991113972311718,8.303910002605667,7.146517672742398
0.28389337808568116,22.342334344889274,5.90658531164468
2.888943663017532,23.623757224108804,9.698575535195857
0.4659115207065524,41.86482097689748,7.590629103144936
0.3524086133299174,23.874444864506152,9.321880055534342
1.0439682954417209,19.81805292930651,8.60831799119128
1.187470432418457,17.36829194598396,7.478075004913337
1.0772673435058735,30.682138314504105,7.01293487298267
0.6706949873553099,23.611297209226258,5.944131951559795
2.181811578312951,13.537613627445207,7.1739654088573515
0.6147932531386271,15.503157607138935,7.894703581109445
0.4809920914488638,20.734711722589932,6.232584902795937
0.5423146888050823,15.679899934931754,8.920662720408545
1.0590583468371193,10.43539062369719,10.21931503332824
0.604775949814152,17.692877109497726,6.794546600567147
15.638769844081748,19.902884226222824,7.132269051412634
0.5272794138391488,15.11330484419086,9.492294404665925
8.830365277268275,22.142404309471154,7.639814932482736
4.402030474778309,39.95161862335239,4.806186763359194
2.0189236556089405,23.031821584006458,7.835434587233219
2.4753875325667036,15.192530694429129,7.8991813812348735
1.1524077142406255,40.42059269214249,7.849031622537211
0.9440864905998612,73.49588023377869,8.654598848233723
0.7469700641783099,19.842650657408537,7.727835842553897
0.8132890616936019,31.754207382087817,6.043948697910229
0.5378430303634458,21.289971108673445,8.758721823777883
1.3909176717300413,13.31101570618797,7.143532609614701
2.1042073695545533,30.368502604963464,9.517645817788544
1.6636644993163632,14.358925405174599,5.771314046871187
1.6040869101653115,24.79236435246074,5.341104162551005
0.25040220521936046,23.145054016485652,6.688774997367957
1.2431153090502731,14.133188599235513,9.455255614387283
0.5641806950423673,29.60625174168148,6.725699528027336
1.9210736911949655,33.35421810726342,12.322518192729685
0.9112450237483275,19.310319712904978,5.461148384113399
0.8359877855960963,21.34413946748289,5.304110216253446
0.4683693117347935,32.05206412372518,10.033758368312334
2.2818683841069425,31.235870448235477,9.933768501509798
0.07129460123301427,21.55076434083861,8.52203845651576
0.43229295316880506,45.86628866952168,6.1077619131923875
2.2299255487872216,15.272933438039134,7.04057396097918
0.7966498548658918,17.328783495861003,7.65843994545831
2.280637916627085,26.69049819106407,6.135576187515774
1.2554021765236065,14.161514693599676,8.231054063328395
1.7999406841695673,32.135005143123905,7.399255814909965
2.037294279035726,56.82298637145182,8.526714305075444
5.8581297795003096,21.843232605890073,8.081640490974904
1.6744119524264423,11.615827597671963,6.91654806579833
0.9074886538575848,23.76000040409265,7.554634998756517
1.9779200928015161,28.513908514547023,7.353324399067639
0.38951303757924727,23.15231127602723,4.551183529179868
3.630276836644559,16.051058699676574,7.317890745710349
3.1202600104861946,28.889726206258853,10.024379115810875
1.8284073138306833,14.65154999243371,9.540104445086955
0.18006158322402652,13.656305695119757,7.132951948056868
0.8902328956039514,12.669027101261223,6.005843438898479
0.7736957821237852,11.825364401962526,5.385661627248565
0.9088542548855336,48.126849177724125,9.576022793822437
0.28182567463160046,15.147870195248839,6.426034770238222
0.636865293607621,35.5135410657478,5.808148991744818
2.619432538319388,35.16517509232014,9.00816975353899
0.29055677708936517,18.272868130493194,6.973497154997411
0.9555875383787156,55.32894812962362,7.324272758487053
1.2515513719644145,36.17957329733362,7.353796391764576
2.917743239022525,17.210453702919846,7.2119771373399475
0.522746486043044,11.103958792410758,6.189569733764232
2.097847559272293,31.97538399962831,6.4647262233626135
2.700269914919993,46.31240793518548,7.625451336724396
0.4538926619661521,8.0892720016831,5.863828539955258
12.577386647338555,24.553604833140025,11.819539445850422
2.4474595845490694,11.117622680775444,8.78994929481837
0.7614220870236572,22.87192917626742,8.40059068706163
2.4393336281076525,14.8172790495723,7.416838170893462
0.46533514862767017,10.982923759475941,6.833288733881282
0.34412473300958074,11.530236013484915,6.697037120448673
1.0730629207930735,18.5289772714333,9.369035968045624
0.42052256092423296,45.733067425895385,7.069056932552786
0.7858512306032946,33.961768334541105,11.995857034378734
0.19730060989995651,24.493023481106203,6.970359545897592
2.4698120924028695,13.360954891985761,7.217117525493553
44.45765078000185,9.646985175781607,9.80431252407738
1.2734546133897775,23.026037781929872,7.3039186972169805
2.369256168233701,21.344631954786824,6.108411622457982
0.9449054377464967,24.359594866526233,6.591462107700982
1.0540624280298796,21.647919575441072,8.813885985142132
0.994992861160786,14.04929651989175,6.784761910347251
0.7710612982041581,14.746876022343043,8.648136623746627
0.5794649486585904,22.23259532037059,6.059352061666786
2.356460467592963,15.13498128188164,8.540588526890469
4.105603524258306,26.315533587513606,7.64968619819403
4.611454782497852,29.943700332663468,6.074351219026656
0.5924926127902688,33.36022603196918,7.888672605650691
0.7521182952438505,34.72731275675078,6.362404267828582
1.1938695434852946,25.690063355148865,6.847619619956211
0.6691932077571369,15.94242028600464,8.670603012137047
0.48712344066334884,33.20308410709414,5.555921515189614
0.587534297924599,57.50627864735612,7.042111582513905
2.009456150307793,28.641434341572655,5.978485920645434
0.22312030481392547,33.64363068311447,7.12109462971509
0.5847611257994827,10.912679578477672,9.8048928201433
0.3753860264540397,32.85528160911496,5.836275156039454
5.140387072748567,26.64356773106417,7.140445346748403
0.380193229750525,16.16800602739233,11.191592586925816
5.455049558765529,27.56128024461893,9.603676022188345
0.41683998201372485,28.05763907694849,6.152916741470242
6.7009253592124844,14.28153424567073,9.147224770147504
0.9387830599641025,13.283148547137262,6.455735244081957
1.0690460312384371,13.418480267389342,7.172975582768218
0.6431386197706425,26.583455063097077,8.21315947884012
0.6329403364117935,17.93261305140958,5.4826868924533185
1.0787756416172185,10.551622417219924,5.944330472716495
0.1599269918077978,14.396598400311484,9.05337346930042
6.558188632703056,20.36320906366841,6.1865659699504105
1.6490930077362982,28.94879340441159,6.713458359109051
1.0773407840952454,4.178030072564574,8.455484923066303
0.3075977667728231,17.853223042890896,8.30599676110436
2.864310802708575,11.371213637820452,6.098415574389307
0.44445609577237183,11.255852327133532,8.18179765465641
1.4199114412117226,10.832664817972764,7.064483459883161
2.4540866666447174,18.69677650796049,8.499990014984597
3.985389085171911,21.66599847782513,6.107586300877039
2.5028757848777357,21.78640728539743,10.092681877754442
1.893660903097738,13.100496443423973,6.156707792492751
0.38548717920478276,22.627636086184786,8.623716785083376
4.8077202959200065,29.060065305932696,4.729930064179356
0.15985454197219587,37.22745883824307,12.650559858406242
0.5826473174634648,17.011091719021813,5.888927877829007
0.3683864031749117,34.879929755633974,9.820140916907286
0.7764496615953299,26.05455002060236,9.199800480879054
0.9103092695166608,9.63251166966576,8.645069033303654
22.651928329869428,30.302760841604833,6.937620482549024
1.4584383364128288,8.516337749579373,6.6282439860365905
0.3712661784833181,31.4227422081718,8.87744721600802
6.608241654493991,29.725578829618815,7.643402985160922
1.1413022265696489,30.06337629760788,7.731812512308954
3.916596571330803,15.36516801920202,6.330693063114974
5.94369429893504,22.711366688903258,7.039932247176097
1.0297432023291049,42.76362454295321,7.418475670027665
0.1952403479630355,17.44239311379625,8.236608596017813
1.2021925157487157,13.260893916148635,6.512060890973673
2.179772527069553,49.11248192131873,7.899036770893457
0.5586733451939295,20.238865213142724,7.018600665937073
0.20700005274180563,31.39897076873998,6.15172572341724
0.11293924419981557,37.29314739338102,5.8149920369164585
1.2100823815919575,12.160868143537527,6.577919439606626
0.6907560603648992,24.39301130588441,9.55563099929505
1.7582669804939828,17.422349992046396,10.991313810331581
7.670842678657242,16.990160392267438,5.401711788601997
1.2347953367481146,45.105367818073006,10.373132145838921
1.1272975434961021,30.406058978733427,6.381110811605856
0.7952287718286513,14.093836118248799,6.921361674759038
0.7433809729072783,23.986060436066186,6.388261008918627
0.6697459696531521,21.577268396836075,6.161946683506229
1.0476558842339858,37.68861268757606,11.222880202167765
0.48771892223981395,35.79087471207844,6.945548573403878
1.5295620206363836,25.71548676356434,7.188437075229604
1.1829516338860209,33.13202829763619,5.449326150049925
0.7280296138457337,21.069166321980475,6.193817353736348
0.8311823465967645,14.268081911660412,8.708695766147608
0.93972952568366,7.5771956567794465,9.36635261430293
1.5443242488924032,10.252480181466357,11.744768689767387
0.8820280946008977,18.754917126959892,9.569308708704607
0.6099504557698887,19.46836876880233,4.650444916393876
0.4103552932295977,38.780699464569054,8.65947496877052
0.43598741668852364,11.519407502638913,6.972245402448433
0.5779708002125351,10.292014211813337,7.911008408335095
2.052470409182383,18.88947372717866,5.341401411788337
4.060699265667587,18.508167456404923,7.045001428953657
2.5125447630977646,24.00928509229045,5.9659232855514714
1.316826579328202,15.708133753378016,8.231447419252952
1.97774654135446,21.994426472458283,8.392750269609605
1.278409267009899,14.184390882120546,6.272519409811411
0.3966232718878948,45.35772090895774,9.134473402586753
0.7192006952157082,12.57223062899404,8.084968121770146
6.218468124158007,19.814559449774535,7.270630277970851
0.20120650897818154,82.10573901704437,8.566483715806134
0.48772412308652985,14.985613321093922,6.204533645611236
4.298415934345256,33.21501516948193,6.601141674207332
0.3613507773305648,26.909780063091777,6.12929238916718
1.309840686730673,23.6032153229583,6.820498032739687
1.144601682739453,22.05820653354956,11.84623325726778
0.4974320690144872,34.377163962162605,9.076312577718344
2.224718727043794,28.04360344562042,5.459851007244127
0.6490917153917174,24.93048871840308,8.7433403242552
1.0369308273944817,10.913647164908062,4.854586559414145
1.6077490247233475,30.96459147113911,6.9080063744300055
0.06230678337654014,17.262366428874603,7.324196543388889
0.4782437645258328,7.818959593133058,9.432668313401287
0.2803583665329318,24.919734981750224,5.771878076223839
1.3820837154430805,15.64639765273918,8.07618122267868
0.7086153140779754,15.848496118825956,4.677912670251311
0.2040876806761976,11.19125013998886,7.416394009333519
1.3186996019263497,21.041311968832392,7.32433528579847
0.05712591796493103,23.359495360762637,7.709170878859654
2.748844722940864,34.876211529566426,7.454060584620464
1.8720224305317918,13.524353261703899,7.115438922260017
0.7143374131959118,17.90289150812636,7.674810848786141
0.18801602554911273,45.66690879468329,9.419896152039422
0.32938303223418497,20.039012603229864,8.18606336853036
0.4266384089424275,18.77058838103745,7.487833568072012
0.039709050653464986,13.010482507013727,5.193083713057138
0.2726295486498319,13.056153116124118,6.945723466948278
1.7811231066532225,15.452139936692193,6.23938836154406
6.559567178286481,33.78242088568782,5.514566619226755
0.7321877369541109,25.53847071237556,6.322345588142036
2.406784889035615,12.388063606114775,4.409311419989769
1.3935861942879462,16.220564861270816,7.708121392171359
0.654966284929165,24.50093219544008,6.725885978955666
0.45199582094498586,32.680404458607605,8.399831282033185
0.788150679682721,14.289533504542383,6.8691235266268595
0.5996655034420572,33.490817213029075,7.105977487637553
0.6564471401109607,20.62359016047149,9.275439193051087
1.6849398896933543,27.922678481436154,6.729720783085736
0.17199550858828389,14.092705370042724,5.54050759742018
1.790789166352368,14.998460174989239,7.0179114490196755
3.5471315211301944,13.5202804100587,8.50871609975323
0.3167574393933046,11.529817218261966,8.228597395462971
1.1457431740137736,11.878250257239264,7.777003978704236
1.2983942127883605,42.27051940962099,8.661200509635934
0.3795947255577208,17.66154845718734,9.409829509369267
1.9426610407273537,23.230371173759963,6.524315987729353
1.622211110771927,24.2320844347913,6.090637711383144
1.368367683140904,9.954226654452713,8.021625021708436
2.7454429864462657,24.158426587156047,6.336722014303761
1.4861004022778372,28.78071714620159,8.063681593899423
2.1768191299767854,12.275125457202554,8.595219788324542
0.22363865130527888,16.92387484223905,8.69733279064022
17.13887536035991,13.940703851352188,7.613324023232514
0.9360603648245354,9.445629353058528,8.091767532239492
1.3453364927661637,18.700158521556105,8.763926072637213
8.740523570352403,21.756902920423645,7.178593088211726
0.12037649004920853,20.72515051275251,5.601015410850479
0.7690230157274879,10.1681697389146,7.86492298562931
2.8441170094108466,37.298474541137985,9.339428891702056
2.2907899946325934,13.816036375609968,6.353410499480684
0.2611898458126494,53.05300412124383,7.8748561698657715
0.5087069328829167,18.53721437546686,8.762975320428541
0.9043629441903646,7.655379810979779,11.60954824026889
2.9094667689014377,23.6471560529011,6.308168303424483
0.1774051795304693,24.903795812476787,6.49757312786964
1.3746475520257764,25.54399718153729,6.379235871692054
1.9865060538984822,16.474234381023592,5.945770673314867
0.8835468457112021,27.319442002656352,7.159182960035795
1.5542004496735045,15.320929487898722,8.996930678024844
2.013449385593457,20.203010985093762,8.448489749871012
0.5316042198173759,21.552530058053726,9.628421466300146
0.9433481357913271,38.45775261122765,8.921976220686343
2.41317058645718,10.4489552401499,7.532892752278971
1.4975655087376623,7.1655411296755025,10.722154763382866
0.23912776170209196,16.79233214284153,5.766524330252783
19.424153686561905,29.958632349525914,9.517400730213506
1.221082170783579,19.455274538190075,5.2810965492879545
0.9819117053954267,15.143675405265286,6.998776033670245
13.98251081956565,13.577406672278403,4.875537537216738
0.5882991937298482,27.702879658389808,5.486642697550422
0.6894228531204708,16.16148891312584,9.18869811146933
2.0564493639967574,15.173035096929924,6.880922404087587
4.153577562918917,13.192610665549713,11.031418193399531
2.7970536274107127,18.31475508995592,7.463497693033589
0.03381388942879098,24.396741494763504,8.90820099566397
1.831092805099952,16.05067797974746,6.117699789438638
1.3882349991784584,49.79952418118847,5.495094033907283
2.748241999141325,20.086254464947075,6.400457173119878
1.0693133336714322,39.436958748918066,6.907437214495049
0.4030932680593673,11.305556435875099,6.179688255339081
0.7139216865624184,19.45836680455436,11.252012387738175
4.4239414910502575,20.543007716756268,8.48962629383354
0.20947718167055313,11.656911762520487,4.733938602367127
0.27739397754553646,25.9747328680724,5.21809316682612
1.490746662479064,21.973281797620167,7.1173406540541455
1.033688147229356,11.798246459201595,7.1323192835988545
2.444298414273938,27.108736077725037,8.546319919591982
0.8383750379643988,33.705689719708666,11.427554723190061
1.8245586951151846,15.051108486664464,8.537996800828827
0.3036174085057546,33.479438561948996,7.206012399949706
0.7894998623296221,16.885577077480654,7.939477015744505
6.304827063508657,22.69279911538697,7.373274119858672
0.5971638054724079,7.012310172368848,9.190595983091784
0.1782196621332368,30.957142262658074,9.150806127093489
3.0233800024431727,60.07768494252148,11.267193917025832
1.757237269954808,23.188075306083196,6.453351630593063
0.726176455645782,15.813493656738023,10.778312677946756
0.25931320505926475,15.090035283229254,8.630210943644173
1.0107745246282767,22.56568270106262,6.881329997519522
0.16336555106765382,15.046674056362464,7.07279389858124
2.863662133095108,28.26518994691142,8.29338418640364
4.38574684125009,17.59754978604875,6.123115320667574
0.12896202210866314,15.118423871079678,5.359754593228969
1.0732558272396384,17.87962397583011,6.493626750647831
0.2721159963961412,31.79064358120733,7.062190526739094
0.7880536674747429,12.190179873805524,5.739528075993849
2.5386328290498597,8.040869838990304,7.347141346255586
0.7569984026198648,23.152012533562228,7.150698147259515
1.555822383521933,6.571409167249155,7.126679989521284
0.0961048187652664,25.300991625434182,10.21416833678686
0.18501583160730395,6.931275380447709,8.187052180463175
3.318357912661347,19.281530170333927,9.8271276509311
0.8530333950462743,12.825571014074477,7.006694926512188
1.4875366988419254,39.931760925981386,8.34680619708286
0.2536510439008983,25.320535667859545,7.942437239267254
0.9143894301315626,11.74387130130422,7.7655088427671455
0.31678465343454604,20.069272705981884,11.443340140220462
0.41935504437670573,21.019702566006817,8.925733088465307
3.4962182717258647,16.626374131774096,5.853545185823955
3.6572939939292275,9.329637828982658,8.95921485721633
3.0074460462778165,16.19887378052534,7.322119842876207
0.63949456062853,22.458912666363,7.705594790216442
0.1398407174603732,15.911437045351066,5.3159086722589155
0.15002002604681475,14.157300143016736,7.177907733732344
0.48302502341407094,23.85298743130043,10.129057632563512
0.6213529671098272,12.33412690582145,6.083547118508013
1.1105138783098227,22.917355499829537,11.54607936410611
0.12849117379941233,26.584637476406286,4.716563156664774
0.4664239541642055,42.949747604443495,7.631470733716368
0.3559463066567996,12.148585978144988,5.570472811635287
0.5900032359361754,6.221165712059335,6.314246614142972
1.3471300794814018,14.952609102934654,5.987794227044937
4.45695879811903,10.44458330385724,5.985452790934707
6.163723626406791,9.070997317963023,8.07079273338099
1.440517056332955,11.825027480447773,8.159551869844751
1.0727904108221578,14.767003598306616,6.1795913155135
3.43389232836041,20.898741009496256,7.548315754225537
3.509272820424125,15.709409921932929,10.556869444437886
4.127228511555747,14.417465537499947,4.910698846298103
0.7185470663290495,48.38445215384627,7.575833457452737
2.1741619145135602,13.689579381490402,10.04442397383377
0.1454409469630691,56.756458507088986,15.774213800368784
1.6345322361814587,24.71778790562715,9.456773076942515
0.6759080061567342,10.40206967124533,11.713170746996079
9.800085540317635,12.892182337157077,5.949967001252374
0.3400254790202009,8.633366922005083,6.48121774520928
1.1493470423134944,19.84277111322547,6.393933551362268
0.46324637643703964,20.538759668981225,7.882109590325856
0.22315410317590262,32.25674248822637,5.4962902210496996
0.6050033716321725,8.120237231462292,8.225242317205545
1.4508172696828756,25.62168989334675,8.23614979171323
0.5120461366775675,12.86962492282617,6.096086541465827
3.6307388534534577,10.346333614414457,5.032158355082447
1.6663125437015514,30.416677319731814,9.928064445056219
1.9255929851560232,29.058566275476455,6.010808633844595
3.367658867837577,38.837061619386475,7.734013338384814
0.32942052048766995,22.52240346750362,5.554393630618473
0.5857448341994702,23.963402845682662,9.5251896967953
2.2344199849938096,8.39887575648523,7.717832041842219
0.6446707403072796,18.587134924586675,7.014195390503061
0.7191875740149627,9.195573766440585,5.821703161947468
2.6644051631752252,15.780298077090148,8.028995804018274
0.49084430605550067,14.143246505704605,5.461155892432613
4.79534877358387,42.04896209195754,8.434731268612278
0.20405814151245738,18.623309424852163,8.704875731149045
0.5272716876216156,22.80359146540786,6.69493387421878
0.5485929037704875,14.08993267416474,7.329167675131653
1.2783695897542513,35.36526785086809,7.232222245409495
2.228964209647502,21.531780596948725,7.0294836192071966
1.2356370643326127,15.589052784807691,6.292171713728136
1.3675500103226583,60.93592053342884,6.503366181745248
1.0538777101006869,24.32447138402638,7.112052586031183
5.228877968864524,8.73884117556507,6.926148953254109
0.6628903565677993,23.939311151984153,7.709533216986062
0.6674714641298244,22.633353200889065,6.132173677470812
0.7831343684122785,14.888110551814071,7.240290213253161
1.0317090957866621,37.108291845180034,8.573276320468867
6.579247782898055,24.056755493812297,7.812948469165786
3.432143560967307,15.325485320710097,6.853358933357438
0.9623405128910515,22.153189978964384,5.0004970351624864
0.5685324420080557,11.404336128219194,5.785096868603085
0.49591647255787974,19.136277308086854,5.980667455516374
1.386089719218574,19.814967913969888,8.58732722054213
0.693738741859726,20.866144243094762,6.376235431362709
0.39690136660813424,39.51380891845833,5.495609595924919
1.1412569193215611,15.70523850450879,7.871475020581297
11.311255640756379,37.3824740011002,7.218338426603988
0.48131218109271784,10.228901096282659,8.896774381177776
1.3915091572393326,26.495092450731747,5.518431899782008
1.9083352350698188,25.135155170718683,8.819890693405174
1.6320306094791464,30.097834403590483,5.701167255310146
0.4451975431650931,18.044584584980367,7.218383644563214
1.526152953170317,17.121467716721632,6.500825634837351
0.9345680155720706,25.028320857986408,9.451388721340065
4.851641355227989,10.630840235700527,7.574560005742253
2.162845899673272,16.906299840720195,8.026846741542515
1.6213030040415866,28.491836733819294,6.177998744053242
0.6407342798035874,7.762213746680807,7.344826714037118
0.5609286406430511,19.726355869008817,8.434142100098798
2.082402761021262,31.092410518726545,8.60697061257458
3.1986290033553106,11.695052781335244,8.439152267317391
0.49847079183844817,13.967309890294612,6.964146620444694
1.4290624606029743,30.50654148089272,5.79658550528703
5.277056765113801,10.232917245720422,6.823220385804666
0.7148701376641153,15.773778977555658,5.639616444094402
0.4248778682069828,14.696706862873208,9.223108162653944
1.204852201255792,24.647529688768447,6.1494378708634425
0.20882715243645314,47.02624071520132,9.0382669208737
0.5382339552782833,20.32604835427903,6.715141331696533
1.319734047692456,18.810039070882116,7.151948513174074
0.8642364928723654,34.51514941931476,6.4785074787593455
3.5343329177051,8.837154924338916,6.205706829508722
0.4201018265576083,8.526437706164916,6.737204187425526
0.6413204587064075,36.882600608123305,6.160451734103343
0.08660456957225639,15.741317523233272,5.540408565976518
2.734751685685017,34.490070529920274,8.839596106771133
0.1095745878054484,15.525313846868968,6.274464476780008
0.485963254856288,16.94180315701823,6.928401592377115
1.6790738788809647,18.339862626959192,7.708205947582547
0.5131061712875852,10.130931978905982,8.12211597381822
0.5518270363171214,21.479516684196714,7.1749519567355735
1.9671799506722554,14.014557105697365,5.352431300280903
1.884359151454972,22.18835895938954,8.962310090730275
0.5290643133343788,23.053635311020294,7.245907501421812
0.8599305523992885,17.00348194500931,9.984382655733084
0.9249515574762488,7.305479026142363,8.529689355016485
2.5621642654075725,30.023023656206696,6.500316043216941
0.5861512941470075,39.6872025430516,6.738678409497085
0.10831064411969966,19.042038490844664,10.153001340765629
0.6871965541705314,8.008121194739436,6.745688775568415
1.5063103843331027,20.502456525076873,7.296785200826882
1.014110289497183,10.998471269646917,7.612795889167163
3.9903725406215402,18.570734482795867,7.180025702646133
0.23946719451967796,19.797386920016887,6.962651002994092
0.1359582265637555,28.612168513179434,6.4048073180313185
3.038156153206751,10.33038268619551,7.548272136798493
1.1351603276839364,14.84372928726021,9.564518791482413
0.061779445530382074,21.150712116291082,8.240034393047837
2.849446584499174,16.503393091330967,6.939838851174533
0.13542207806703782,41.50271972673453,11.59416200135959
1.8657157867427985,20.431313068881167,6.737964224170575
2.757575232784969,14.697462356446206,5.8007508225403255
0.7594953709904454,30.3086189095508,8.306879299904967
0.8819746411813703,13.909640723648298,10.178700380344422
0.8719688801738502,7.373133157220089,4.913971671597423
2.7411465327013147,24.448180590371503,6.258949707249227
0.2982079495656196,23.330695814363633,7.853595614141978
0.2216565050938853,28.926331567772827,9.342636922296219
1.53806419039248,25.24781546720127,6.973345023452108
0.38827642830845455,29.626862852348665,5.602923474733246
0.7204491531508748,15.709136992426885,7.617466395181618
0.3614453859691955,16.06826666179441,6.019130426261387
0.6444592386524493,8.903812908478884,9.062596985509405
2.7402184255794944,11.093794827207157,10.649678505300676
0.5405300721547053,17.809316620886985,6.835176770480545
0.1893880957139065,17.872877263995058,7.012185235235384
0.19781440832019753,7.1616379897929425,9.610557664021268
0.3221631799219876,23.286670587396006,7.1557948851016295
0.3905074269209347,40.70382810218099,10.043813001780038
1.371810474686881,27.261525407888566,12.35073980065658
24.940498997494362,19.7356052525332,7.960494567943247
3.0344319524727204,17.379368268406484,5.492242522148264
9.892033677144749,39.31218996292339,5.835739358079492
2.023992257628882,18.51089717153665,5.287567608761363
0.75443514237561,9.535558028544004,8.030311695890397
5.506459832423577,21.220810508710958,8.129776154802194
0.8904212746851612,13.880736882816468,6.5078608863886105
1.9899920840059522,25.36377895727508,6.407126384078892
0.7333531547912924,14.946712783561662,6.2428989211546195
3.414916995232042,9.360917464001789,5.790869756203508
0.23610187676552957,9.67365394630264,6.47776830334273
0.42758046854094384,16.7965891535712,5.100324748278155
1.9075405958372522,13.826301296115178,4.448446453069284
2.32888413304522,14.382005155738273,7.309094898017678
0.4572339177834285,20.60931592838377,7.3646502426865466
1.2742728949904902,18.81380841113942,8.260524302661297
0.5447116681411713,51.734520479786966,5.144609986987356
1.062569873066524,9.627971793045521,4.844459340575195
0.2934619158355607,13.046055514510035,7.552866985696254
0.14661673592193064,23.935513820388692,6.98056604456601
2.205716097099069,30.505759751081854,6.0025934878327245
0.31438290485217496,19.23171408065459,11.01895573089607
3.7613071410914474,30.062851306691798,6.2737098625278325
1.162249983617024,15.062598924521437,7.257907795966393
0.5103705678240071,20.839630785454677,7.5067009376441
6.066141798752679,11.900856830138315,8.180597383052318
0.9127836717952945,9.119218921693447,6.049461747495571
2.0139512152539294,16.1827811556918,6.453361330126824
0.3183358499125114,14.037686042074059,8.18583568055494
0.6795891386190619,18.45426681935485,6.890308376633019
13.567736123303195,42.435081644035925,8.573366362892601
1.0635663813330107,15.082578654077388,5.425783429430543
0.36969966327521503,26.99237609415997,8.730219041840702
0.4568791438505476,16.2947081148035,5.923247378831541
1.4968274635661096,17.486534414141325,8.732033793034374
1.1175958653282896,10.168511605481788,9.66590065877252
0.38162580536796853,9.56251202353496,6.293467332905726
1.422179139787256,48.23058335759452,7.406435709224765
0.7117162260747841,20.908828752557728,6.71063974879376
0.7749958554952631,65.9672579366785,5.263037481496638
2.4351911515354847,18.442537171755415,8.125974601198495
2.871006617492428,19.413896977500663,7.342786850871175
0.36364190218265274,44.235406331714344,5.963378944705085
2.1002219506786495,23.787028352042853,6.228288361047335
9.941252388905397,7.072721420593712,9.147646107666247
1.7607426358922424,14.198324140467475,9.69157078729761
3.1470664267742694,43.30683144431204,8.168085783134954
7.256387424377279,16.057062845155883,5.580887330093044
0.5802149299293263,8.8387968065512,8.361100123415767
1.7665127939419107,22.057912709929344,7.448759167959231
0.4277788266614473,5.506179099715326,7.069118341615226
3.4074205881466595,34.06394988084155,6.112846158197884
0.44020743068141915,8.384982786595524,11.001404240838001
1.6544380457214307,22.832727536059682,6.70997721668804
0.9562160167751176,16.558184453071796,6.409196827406579
0.5211196563797305,28.91111751226505,8.207262851002719
1.203006303080641,33.405580733336386,7.0361971266258125
0.4201926093467285,20.677165166573555,8.099608585754787
0.6764459595521692,59.111936850269274,6.639360350148437
0.9008076270825879,18.745673362131477,7.996097069016031
2.0074400071534795,23.067691637381714,6.963972456545414
3.7582712809593843,8.626494934987182,5.26666060158597
1.3566409368698598,10.630749545638896,6.658745550507368
1.0215991627962444,23.451502057604763,6.9346798009981505
2.4422122353597993,31.578264786927754,5.204866906419183
3.76973775810562,9.066037161054728,8.360771789796038
0.43684148832365916,11.702084813755796,6.095209271781536
0.44948113436223575,33.13843940832447,6.436435583523698
0.7031443942535099,10.584373399731739,6.324594171799021
0.6224426754452977,27.45395990538323,9.006026698304126
0.5702303144731306,16.167337742218628,6.6922363727261
0.5485247658765356,17.618821512807468,9.0912818820894
0.23175854125755233,16.11883151982103,9.854709565302073
11.376047680806414,5.640902272676291,7.6172733434993365
1.1363305111475555,24.42938761341242,7.303869747851212
0.6682779504861615,44.87423003848976,6.064031228413618
0.7062329611366539,15.571521153791565,7.339928204730901
0.14531081676195653,30.803961565212123,5.740101059965019
4.066639249297328,24.849201135957273,8.499305920032787
1.1204642618733964,13.558138430419575,6.725348571678181
1.8126385459776369,22.42691463099199,8.415139899771013
0.43432299103103317,17.350679948527393,6.85987347141124
1.1018110289143468,33.340475471283995,9.886445588213014
0.3045331718239184,12.299098094572813,7.243701425959143
0.42431890636015396,34.612700120956156,8.089910219618773
0.5266102450222585,15.762285733077261,4.773649378954165
5.169012087036971,36.826077926734406,5.346606705453308
0.8029476170511741,14.91194314672623,6.932370621008219
5.586351284857471,16.839865805620192,6.48778074352494
1.3671816365607086,25.757440079401825,7.419631691647935
1.0889322172754976,5.287504323710686,6.726236310870379
0.8555763462172316,16.3523372714304,7.153041551784425
1.491741421291223,10.23283901396794,6.1882239121693985
0.9824841007868762,16.35157517626883,7.808691644819278
0.5330811288904589,29.035730538417052,6.1241822752274855
1.1139741049158427,8.981290777306151,6.346218212400915
3.6373728132485597,19.592960707824474,7.478187872141933
0.45539664069173685,17.208903029720833,6.566044786746573
1.073144422775019,8.186001603421982,9.78061323485874
1.1151924601457113,17.24244275597549,7.641435612164318
3.8667644828708982,54.857075780497155,6.95360791390882
0.5603251389860897,35.02880171382509,7.1240663139135885
0.6481872271912745,14.302562847289595,9.38945758618525
0.8259331555694795,31.87180969628942,6.682568903800029
0.1262540936408557,12.005840678552516,11.336286634591817
1.8972010904962688,32.73147186084002,7.014907881266451
1.3331717172618787,17.501773254467427,7.528045537004395
1.8864164429049268,37.46134278289249,6.9515785040765925
11.773835637149626,60.154407116173374,7.524724737972998
1.7045446196752536,6.264281501537611,6.827998631051729
0.87751942853041,21.292855564183505,6.235445090835619
1.046873151254327,20.435581227669932,5.965788302923748
1.0548916904634649,11.715274208235856,7.245230886194191
0.9761833186122029,64.66054787290665,5.958617667899393
0.2327035067232867,18.190030949070675,5.0378604179051925
0.25144425859477326,17.291725666125622,4.630916027181963
0.6659310191984157,17.334072969488364,8.671158978217802
1.6016860117140126,9.501588917708307,7.245136930666473
0.4729335915092945,28.424769558962424,5.3334591686241
1.1684895128282387,2.693975647800778,7.258799072165463
0.17061140776388553,65.66307827032007,5.204614601914175
2.53398984199467,18.405200235948342,8.047035343154981
2.4487307146138457,43.12272781124799,6.684427179926702
1.4108263952220683,20.903093329553307,6.229891033262215
0.4650238501968817,33.92787832842911,5.90810081057264
0.532336687300225,19.026158880329124,7.622096645013645
1.563811904916076,20.77982297434992,9.549138535688192
0.4178814895630762,13.870936875974927,9.472764965734392
7.106798999210383,23.969543242963248,8.290774911850008
2.411457606293995,31.780315102659088,6.85768585813449
2.1327371821099304,28.89301470723959,6.891230487963934
0.728472503333529,16.60452845866833,5.563091813357382
1.8924167415613335,59.96867799334157,5.753744731338264
1.0276417859582938,22.58277493448824,7.258829583854692
1.22649656813805,22.17641044854156,6.962199107798178
1.2678158395129113,23.290594119893267,6.062566260071338
2.5021416121634705,19.944660995594848,5.034179169748379
4.316025676233931,22.666807472194733,9.844116195204146
0.7584230762814765,7.608417084743003,9.207995822411668
0.32198451281629376,41.47184989345561,7.592187043484121
0.2562675624155511,13.223005055244787,5.897563422397745
1.1957727790969082,31.789541488155418,7.680766223358438
0.230633028628271,19.790853311649496,5.745742598195307
0.5556757146893018,19.078781132136072,7.680343073106029
0.24320126434306238,21.82180817159143,7.019461519138528
0.41656406289954906,11.380214918467905,8.240476622330284
3.7224764090612315,24.384709450297322,7.269816646804582
0.24200658268847816,16.95519694518162,9.376491071051568
0.6272450057046619,17.666002818502687,5.814777671156778
1.1177368046797382,38.417780634472045,5.956515979619778
1.4815197419328687,16.250486156125316,5.902176538293419
1.392841049575114,17.308683286260894,6.14054258904112
1.2797679173929173,14.259686835822604,6.607949758829069
0.5084359684065554,19.5669307931384,7.5335866671392715
0.9784637698726877,5.630299369250523,6.868263895721188
1.4656109072559294,9.660951884090277,6.423221881014956
0.6007385240151275,16.644615073941583,6.76912011610377
0.662506899277408,21.94801014114695,5.654776236451665
0.33376081448419015,30.504204790183035,7.396935536211566
1.9315510584742506,34.12163483889773,8.542631579831369
0.1414854387674572,50.65747240615692,7.607875454287359
8.938941500596119,49.3755174172685,8.28415513505005
9.162670244123893,17.333247555652257,7.176682460428904
2.995941242712665,15.202023297891785,9.462553862936245
0.3888328832493391,32.848318115806386,9.382504858503607
2.203626032394437,20.50928341558878,5.220490115075237
0.6042886958727441,8.011891292586753,6.002039921801684
0.33239787941307536,19.104491498565867,8.021069314115323
0.3244222678844241,20.275237517685763,6.389808957245118
2.7679128235711223,6.443200698989349,6.517188326468122
4.026639639197556,25.64296148218173,4.681914634105584
2.838627514719857,44.67687361547578,6.033531426587376
0.6171823154650009,19.68644906002507,6.286023704792713
0.6341517311097276,10.492327217254752,8.343320134689174
0.28391122785540274,5.484765928129357,5.3276658994009845
5.621222194069049,17.99843936947285,7.935340146162891
11.785399551756186,29.895305647067328,7.886109646299354
2.449913756808246,27.045354605260844,5.72537403936708
0.43322484135921324,18.24254379387802,6.499155994057296
1.1638790435029296,11.62214369054759,6.536625347008514
1.935182775579855,13.02332649708413,4.778932478665766
0.9635911151089845,39.14788428743535,5.827718263392138
0.30191403154926083,20.578593986879987,13.775114567303417
0.7872050738295167,19.170580404190726,6.149409871740363
0.33980175882191427,53.46554953851243,6.157853440335257
1.3402930831462554,20.38087875449833,8.399177693862267
1.0551681984487091,14.30641917345794,8.61304076724502
1.6316832717877556,13.014746620278817,7.028626853383418
3.98302758948983,20.27416459415693,9.498852229598063
0.30797721015859386,3.809116075227976,7.484009492919345
0.35430674165550147,12.372755116036448,7.467362825295713
0.6696508887853427,31.906849512667502,8.108141354888946
1.5631616270153101,29.825668623622946,6.06000825529401
1.9044070177906836,13.409191126406078,6.371870098001273
6.69830241573058,13.694214099031349,10.376552530367272
2.150001559498064,14.253238456666706,5.849875272523599
0.42333952146813736,30.290017383562958,8.124660883164255
1.6100551244918806,16.154898924126883,7.98917820274396
1.007321038056328,22.748623127376543,6.321669204086408
2.997943570316758,16.602648328505623,7.2311177951605305
1.5351094983760116,25.719524003107683,5.302229148287219
0.46008182395214525,14.846104105223985,8.286620085069869
1.2676856713576696,17.09476601257401,8.014906544095606
0.6130734623411975,21.875923210078938,8.614046090203153
0.9577120000613782,18.709530873987234,6.80909156455333
5.859294699741822,11.926396765281705,9.000402887696136
0.5073006486467861,35.44670699601204,6.913225946704928
0.7141323559414806,28.347381816614043,8.365636258504674
2.0798322876588675,13.611950786035989,6.26026921270683
4.740523068494003,18.76227148397219,7.797555252631672
0.5572733661385751,14.757217969108964,4.317589819083948
1.1838751378973469,9.68134641957721,5.94301460485363
1.9380239620501318,23.70313897061136,8.164801171395029
1.3017201811090113,12.598809451527428,8.444218905801932
1.4847514271164899,18.548372704822796,8.33921661576422
1.8384868272203632,28.580260894347447,9.085593660944506
0.3609183526498562,23.783391917839403,7.815776618776667
0.2548494368439297,9.885951644368136,6.117867399551224
0.8376365619393901,19.765523296517426,6.9173286522095285
13.864762704999746,16.983197981816048,6.165174352719504
2.345708647444686,18.34935656476462,7.88038460852808
0.9713198052608567,11.251565507338526,8.18946576161347
1.5020229993540117,31.68296544452005,8.707858415698915
1.2618576745088788,17.414567169285572,10.019966238792554
0.3701056197541983,38.151568984721415,7.620092262148119
14.50845589315831,11.283345278233753,10.187278629502867
0.6080955866032492,27.075357747609754,7.140896078648613
1.8019455226797403,19.23542497379269,10.402940562409823
1.267424999761594,22.309836275010706,8.397174666761408
2.701123019157337,15.80323278952233,7.413104007345113
0.5870981819258375,37.750431934095104,9.779476153408305
0.5322382560541392,16.8169569741324,5.405603879585015
0.832170792826848,16.644145541740397,4.492242234458663
1.5396602183633015,33.036999288566136,9.258535402864862
0.2830154133956653,11.346840309859312,8.632228243729948
0.4090501496149761,27.06384287817576,8.067813878117205
2.870265095559661,16.34433226298711,6.168710337368923
0.7413200018553406,13.70154134668086,9.936112279736857
1.763037814782849,22.012554338912494,5.7654009085396485
0.6132728406449073,3.9392723788939574,6.354335247468573
2.0105339396072517,17.60600253773083,7.021548307778398
0.6784324152634719,7.990250874606501,7.185397288386021
1.8428240612571165,15.518554233229565,9.604334384797902
0.24422726647402435,31.67923855099411,7.289358680451674
0.37986308121742196,12.016796811438038,8.276728631512787
1.2220210870859358,19.354249947107625,9.015126953149103
4.891198198014723,22.383130105600543,6.227725174181369
3.8329034172924588,20.440522029598352,7.075906112422893
1.8560685249570121,47.281050674321975,8.705222888522021
2.0092483135487775,20.90523528510841,6.5437230583218255
0.2829426866642447,45.9832809838032,7.166217181072693
1.9686183958296255,89.74386175662389,5.893928767499016
1.3750797347559682,10.121571215360593,7.419540242375025
0.5288807987506745,31.181980269244686,7.522908409541417
0.6644580947638323,7.956710155515683,7.661008590434142
0.6162031765332625,39.27567116711632,5.410623194479736
1.5469342553293055,14.693882084505486,8.164032479043552
0.3372615912776913,23.053332586965272,3.9989556596981504
7.69720804966141,17.623324287632823,8.448797256512682
1.3013259059557143,22.119714761072462,5.921289515175084
0.2848266572100809,13.558291345756329,6.155364912059278
0.30626284474287846,30.1584120606013,5.834459566294736
1.137779395164209,9.52578301526023,7.418568131072301
1.635732997799599,10.014371987287756,7.611960809401588
1.5655647253613059,14.420276390563979,7.9523675973476315
5.556645583676954,10.496062676613747,6.5155930759950165
0.31758364718735976,30.204515589451855,8.49844604097998
1.6747240794455138,14.128811350052729,8.374439321421905
0.6024818774480145,20.851167079365137,7.8846269064405625
3.0107286985306567,12.354518084414083,8.8944382473739
3.128033920626029,24.636831507050776,7.491607936610604
0.1541704186444107,17.767469746956294,7.535396806419056
3.4791027554480856,8.786478977446249,8.085792504911147
6.550038542744532,27.03386582933129,6.152276661180596
2.1266039720598005,19.568246007572814,5.337155426860129
1.69430635595854,28.42262540708302,11.38759940655344
3.50774282855343,16.02903244741864,7.047775366039556
1.317765522713849,15.71861618247193,6.591949631958232
0.9007762256194628,9.323148568936297,7.408200995364853
0.23937731962138528,23.007942366633777,8.875767079680358
2.3195998621071277,22.16669998795977,7.161306363042177
1.062397952649936,23.134654577562838,7.79039415404397
0.3523564600423686,14.518174161521,8.707391904059925
0.8731495305816838,10.049219481186633,7.406048760562064
4.779417793611816,10.512761079617555,7.025367694919516
0.9794312815827938,11.101713694399187,8.155167961843825
1.7899580327722358,96.12632022287549,5.813288874561289
0.3436674462455286,20.988900287146052,6.391215421671261
0.8311076841482418,11.272220501799925,8.85192657707987
1.5254060387190918,20.54240350965361,8.365976351395542
1.7433292324436362,11.49373991439169,5.163159964525134
13.17543073909668,6.483485666071069,8.073704835671075
1.1509441691886946,22.064066016466892,8.427264797466064
0.7069563732214086,16.700257672675406,6.8001337413268
2.9957881314135713,14.042743894526833,5.090017475104481
0.807034099052688,5.639660112857636,5.916785320305636
1.5293915635357374,52.06608097801429,7.485336129286247
1.2913219394984914,12.105111656020556,7.191643243640507
1.6381771102118594,7.447889718403297,8.743742946983103
0.6512669311517035,24.50437729854384,8.314820522094404
0.5570601956936287,17.155078374974643,9.014211529780233
1.7172989065165223,15.084722019711482,7.844224132478197
2.0377515628820637,20.24408805263175,7.311333525578871
1.2022738842919862,9.914408737225907,8.478026069845754
1.2617587094126763,16.628106169865926,6.4017754696352
0.4356397623720035,5.909007457793236,8.355399768378886
1.4907102872399327,36.93921440913285,6.581858700121751
1.156543201153537,27.467968258982385,8.501479978944296
3.4163261980445085,20.76232181052166,7.01944407034194
0.9403891061613125,17.14293033339279,6.836922940039256
0.9074939784086216,16.484706035261215,6.448282204621402
0.6336802544227585,27.478819842188415,9.039318042149443
0.5017068472992168,16.668680264098462,4.718097945123271
1.1129395115214287,22.20876948224559,7.0438257503894075
1.632168759910399,24.2507531979076,7.825469214896588
1.55471106895452,20.861239975866365,10.60739661260811
0.5070072221492639,29.768026116444265,8.407253396651543
1.300537007849915,27.76191449509245,7.026360638041323
1.0964322777858238,24.852520389602716,10.01342514185455
1.2266482325502295,29.200633241713206,5.961378454242838
0.854649908351462,8.84931527107653,9.132201491771024
0.7642857458314349,14.745264965369504,5.608187601955249
7.202001162581028,49.31114151426497,7.206724192376226
1.702207502858257,53.960924790712035,6.72847195911601
3.2433815183079964,27.87125734690837,7.754941160025635
1.2469981662526668,15.539183093937622,8.68807271114064
3.0799573282890016,11.566432286390718,7.04944085623252
0.4435606473350888,17.93389561239683,7.034919125662846
2.097264526069739,43.40232946128252,8.471791279031667
2.5473174667260814,24.072060379820954,8.062061333942362
0.9862061817922142,48.766754314480515,11.146867464717175
0.7329948011989644,23.771276514131888,8.133457309754895
1.6488545012818239,16.402528263682562,7.360120817688829
0.4498669269948164,13.462949337554095,11.320914504284977
2.186796337343795,5.334396546525438,6.318150926447087
0.6474630009969748,12.929006047243671,5.908941013244303
0.4695848499104907,14.020606284572196,7.478881868273301
5.90495150245685,10.33245763479978,5.27043107103448
0.1654637145724428,23.70151908124093,7.244632010240094
2.772198791901386,14.61379317763894,7.479100750569009
0.5194517233629284,23.047279103766336,8.555081332336677
0.3872481948564089,52.03020233000483,10.03676716440201
1.0633267462854898,17.62568478369481,7.9188591987736485
1.0844607914230258,11.343388654386818,7.380854761242646
4.2452622593595395,23.2326934799035,5.27831308656347
5.3410946771882895,9.790335471355888,5.486085221363212
0.933408669005581,36.221022917448416,6.507179182777425
3.84601411099661,11.7086371016081,5.530637975657027
0.14460830846937878,14.693782634249045,6.321657182545195
1.2392677495243518,10.079634625555665,9.37096465668589
2.852540964851114,30.143433070201034,6.833308642071916
0.8499526278538395,59.23500360738258,7.740285567334378
2.846504409942672,41.463185676472094,8.259866378411559
0.1325220493594969,36.09401638675053,5.363911983632926
2.836754182151006,17.849143211562065,9.406832192986586
3.9771019783205186,16.74368870939626,6.27642681065962
1.01136177148409,10.897576680662059,6.895271868697407
1.1770453127804987,22.064786621878824,8.114969194917698
0.3203331280020964,10.405394347499552,7.043341978013175
1.40320487072709,11.625161415763728,6.937537812790718
0.195910379546369,13.494602865645035,6.528402579717012
2.839539145539578,8.323621235070258,6.756868898728709
2.2965068191675093,7.135281717028923,6.19297270668613
0.08801298043589287,12.022556457189195,9.0816612009355
1.2120366483992282,24.355977682018665,9.35737281469069
1.2190239109412353,37.9544332304677,7.854073532859592
0.9870086568028066,44.29638939767647,7.454353470060107
0.2254266146227068,52.42116955055561,10.77802812650676
0.9253131602528598,22.26073550194361,7.292051906853789
1.1852392577053925,19.847388747397453,8.912844204558386
2.8131453232280683,24.6782674430078,9.983177737351854
0.22405829057799978,6.423093217998876,7.825253290665394
0.2895282932852677,5.921136129780642,7.206335637426995
0.30618296392118566,12.651178456028346,9.15716517779151
0.9083922912621651,15.40519770819017,9.93190237651974
0.5291797456502718,11.450584268244263,5.76300696643711
1.7828339927412287,39.34217601640254,7.604837478475944
0.16966031267729395,13.099344662043016,7.543893644086919
0.1513123019853624,26.520225102351578,6.043254790654554
1.181404669589891,13.280665244720351,7.117448744786799
0.25237518739912157,18.166036725362876,8.183676105295213
